module_name,oracle_group_count,safe_selected_count,unsafe_fallback_count,noop_selected_count,mean_oracle_reward,median_oracle_reward,min_oracle_reward,max_oracle_reward
COC/OH,63,58,5,33,0.0532970578335727,0,-0.00720678505634967,0.16095
ES,924,924,0,657,0.0722402597402597,0,0,0.25
HO/MRO,612,583,29,32,0.107269607843137,0.11025,0,0.13425
LB/MLB,796,561,235,339,0.00950126574727115,0,-0.1338,0.26125
