split,row_count,min_target,max_target,mean_target,std_target,pct_target_eq_0,pct_target_eq_1,pct_target_between_0_1,num_unique_target_values
train,34860,0,1,0.798875627225455,0.400662666510483,20.0917957544464,79.8250143430866,0.0831899024670109,10
validation,7455,0,1,0.810127431254192,0.392027858971071,18.9671361502347,80.9389671361502,0.0938967136150235,5
test,7560,0,1,0.725657596371882,0.445979084042834,27.4074074074074,72.4603174603175,0.132275132275132,6
ALL,49875,0,1,0.789459163782472,0.407503315553331,21.0325814536341,78.8751879699248,0.0922305764411028,10
