scenario_name,row_count,min_target,max_target,mean_target,std_target,pct_target_eq_0,pct_target_eq_1,pct_target_between_0_1,num_unique_target_values
normal,9975,0,1,0.95641552293432,0.203832011695641,4.34085213032581,95.5588972431078,0.100250626566416,8
low_load,9975,1,1,1,0,0,100,0,1
overload,9975,0,1,0.545525480367586,0.497695518022485,45.4135338345865,54.4461152882206,0.140350877192982,6
handover_stress,9975,0,1,0.925995703544576,0.261491908571823,7.37844611528822,92.531328320802,0.0902255639097744,8
mixed_conflict,9975,0,1,0.519359112065879,0.49941050977251,48.0300751879699,51.8395989974937,0.130325814536341,8
