cod_label,row_count,row_fraction
normal,150,0.333333333333333
degraded,150,0.333333333333333
outage,150,0.333333333333333
