module_name,total_groups,raw_unsafe_top1_count,raw_unsafe_top1_rate,safe_unsafe_selected_count,safe_unsafe_selected_rate,safety_filter_changed_count,safety_filter_changed_rate,fallback_count,fallback_rate
COC/OH,15,1,0.0666666666666667,0,0,1,0.0666666666666667,0,0
LB/MLB,189,100,0.529100529100529,58,0.306878306878307,65,0.343915343915344,58,0.306878306878307
ES,223,134,0.600896860986547,0,0,134,0.600896860986547,0,0
HO/MRO,134,23,0.171641791044776,3,0.0223880597014925,23,0.171641791044776,3,0.0223880597014925
