split,row_count,raw_MAE,raw_RMSE,raw_R2,raw_min_prediction,raw_max_prediction,pct_raw_predictions_below_0,pct_raw_predictions_above_1,bounded_MAE,bounded_RMSE,bounded_R2,bounded_min_prediction,bounded_max_prediction,delta_MAE_bounded_minus_raw,delta_RMSE_bounded_minus_raw,delta_R2_bounded_minus_raw,bounded_metric_improved
validation,7455,0.134671223691717,0.268449279998417,0.531025871601806,-0.94405158596413,1.86592917169366,5.41918175720993,32.4211938296445,0.115486712264435,0.255097518972024,0.576516135594099,0,1,-0.0191845114272819,-0.0133517610263927,0.0454902639922927,1
test,7560,0.184673920293461,0.322244821299944,0.477843893878131,-0.936916689073634,2.39163232693222,7.77777777777778,23.3333333333333,0.162163331731571,0.305403456212682,0.53099619848016,0,1,-0.0225105885618905,-0.0168413650872623,0.0531523046020291,1
ALL_EVAL,15015,0.159847406596092,0.296756596838229,0.505838448009704,-0.94405158596413,2.39163232693222,6.60672660672661,27.8454878454878,0.138988226961175,0.281552121073515,0.555178474491133,0,1,-0.020859179634917,-0.0152044757647136,0.049340026481429,1
