module_name,total_rows,safe_rows,unsafe_rows,oracle_selected_rows,unsafe_fallback_oracle_rows,no_op_rows,mean_reward,median_reward,min_reward,max_reward,positive_reward_rows,negative_reward_rows
COC/OH,8946,6372,2574,63,5,63,7.9893952335272e-05,-0.01558,-0.11985,0.16095,2903,5980
LB/MLB,10348,3019,7329,796,235,796,-0.293942307262695,-0.255,-0.808750000000001,0.26125,566,8986
ES,2664,2115,549,924,0,924,-0.108861031646165,-0.0441373872853024,-0.415,0.25,289,1451
HO/MRO,108936,91362,17574,612,29,612,0.0666335178453405,0.06615,0,0.13425,108324,0
