scenario_name,total_actions,improved,improved_with_tradeoff,worsened,unchanged,mean_delta_qos,mean_delta_attach,mean_qos_gap_to_oracle
outage_sector,8,0,2,0,1,0.0116666666666667,-0.01125,-0.00166666666666658
mixed_conflict,28,0,18,0,0,0.00833333333333335,-0.0122857142857143,-0.00809523809523791
overload,18,0,9,0,0,0.0403703703703704,-0.0107777777777778,-0.0318518518518518
degraded_sector,3,0,0,0,0,-0.0222222222222222,-0.0186666666666667,-3.33066907387547e-16
normal,2,0,1,0,0,0.0266666666666667,-0.018,0.00666666666666649
handover_stress,5,0,0,0,1,-0.008,-0.0111999999999999,-0.00266666666666679
